Douglas;Mujer;8/6/1993;12:42 PM;97308;6.945;True;Marketing
Thomas;Hombre;3/31/1996;6:53 AM;61933;4.17;True;
Maria;Mujer;4/23/1993;11:17 AM;130590;11.858;False;Finanzas
Jerry;Hombre;3/4/2005;1:00 PM;138705;9.34;True;Finanzas
Larry;Hombre;1/24/1998;4:47 PM;101004;1.389;True;Servicio al Cliente
Dennis;Hombre;4/18/1987;1:35 AM;115163;10.125;False;Legal
Ruby;Mujer;8/17/1987;4:20 PM;65476;10.012;True;Producto
;Mujer;7/20/2015;10:43 AM;45906;11.598;;Finanzas
Angela;Mujer;11/22/2005;6:29 AM;95570;18.523;True;Ingeniería
Frances;Mujer;8/8/2002;6:51 AM;139852;7.524;True;Desarrollo de Negocio
Louise;Mujer;8/12/1980;9:01 AM;63241;15.132;True;
Julie;Mujer;10/26/1997;3:19 PM;102508;12.637;True;Legal
Brandon;Hombre;12/1/1980;1:08 AM;112807;17.492;True;Recursos Humanos
Gary;Hombre;1/27/2008;11:40 PM;109831;5.831;False;Ventas
Kimberly;Mujer;1/14/1999;7:13 AM;41426;14.543;True;Finanzas
Lillian;Mujer;6/5/2016;6:09 AM;59414;1.256;False;Producto
Jeremy;Hombre;9/21/2010;5:56 AM;90370;7.369;False;Recursos Humanos
Shawn;Hombre;12/7/1986;7:45 PM;111737;6.414;False;Producto
Diana;Mujer;10/23/1981;10:27 AM;132940;19.082;False;Servicio al Cliente
Donna;Mujer;7/22/2010;3:48 AM;81014;1.894;False;Producto
Lois;;4/22/1995;7:18 PM;64714;4.934;True;Legal
Matthew;Hombre;9/5/1995;2:12 AM;100612;13.645;False;Marketing
Joshua;;3/8/2012;1:58 AM;90816;18.816;True;Servicio al Cliente
;Hombre;6/14/2012;4:19 PM;125792;5.042;;
John;Hombre;7/1/1992;10:08 PM;97950;13.873;False;Servicio al Cliente
;Hombre;10/8/2012;1:12 AM;37076;18.576;;Servicio al Cliente
Craig;Hombre;2/27/2000;7:45 AM;37598;7.757;True;Marketing
Scott;;7/11/1991;6:58 PM;122367;5.218;False;Legal
Terry;Hombre;11/27/1981;6:30 PM;124008;13.464;True;Servicio al Cliente
Benjamin;Hombre;1/26/2005;10:06 PM;79529;7.008;True;Legal
Christina;Mujer;8/6/2002;1:19 PM;118780;9.096;True;Ingeniería
Joyce;;2/20/2005;2:40 PM;88657;12.752;False;Producto
;Hombre;8/21/1998;2:27 PM;122340;6.417;;
Jean;Mujer;12/18/1993;9:07 AM;119082;16.18;False;Desarrollo de Negocio
Jerry;Hombre;1/10/2004;12:56 PM;95734;19.096;False;Servicio al Cliente
Theresa;Mujer;10/10/2006;1:12 AM;85182;16.675;False;Ventas
Rachel;Mujer;2/16/2009;8:47 PM;142032;12.599;False;Desarrollo de Negocio
Linda;Mujer;10/19/1981;8:49 PM;57427;9.557;True;Servicio al Cliente
Stephanie;Mujer;9/13/1986;1:52 AM;36844;5.574;True;Desarrollo de Negocio
;Hombre;1/29/2016;2:33 AM;122173;7.797;;Servicio al Cliente
Michael;Hombre;10/10/2008;11:25 AM;99283;2.665;True;Distribución
Christine;;6/28/2015;1:08 AM;66582;11.308;True;Desarrollo de Negocio
Beverly;Mujer;9/9/1998;8:26 PM;121918;15.835;False;Legal
Marilyn;Mujer;12/7/1980;3:16 AM;73524;5.207;True;Marketing
Cynthia;Mujer;11/16/1988;6:54 PM;145146;7.482;True;Producto
Roger;Hombre;4/17/1980;11:32 AM;88010;13.886;True;Ventas
Bruce;Hombre;11/28/2009;10:47 PM;114796;6.796;False;Finanzas
Kathy;Mujer;6/22/2005;4:51 AM;66820;9.0;True;Servicio al Cliente
Clarence;Hombre;3/26/1996;5:57 AM;93581;6.083;True;Desarrollo de Negocio
Chris;;1/24/1980;12:13 PM;113590;3.055;False;Ventas
Nancy;Mujer;9/23/2000;8:05 AM;94976;13.83;True;Ingeniería
;;12/17/2011;8:29 AM;41126;14.009;;Ventas
Todd;Hombre;2/18/1990;2:41 AM;49339;1.695;True;Recursos Humanos
Alan;;3/3/2014;1:28 PM;40341;17.578;True;Finanzas
Sara;Mujer;8/15/2007;9:23 AM;83677;8.999;False;Ingeniería
Karen;Mujer;11/30/1999;7:46 AM;102488;17.653;True;Producto
Carl;Hombre;5/3/2006;5:55 PM;130276;16.084;True;Finanzas
Henry;Hombre;6/26/1996;1:44 AM;64715;15.107;True;Recursos Humanos
Theresa;Mujer;4/11/2010;7:18 AM;72670;1.481;True;Ingeniería
Irene;Mujer;5/7/1997;9:32 AM;66851;11.279;False;Ingeniería
Paula;;11/23/2005;2:01 PM;48866;4.271;False;Distribución
Denise;Mujer;11/6/2001;12:03 PM;106862;3.699;False;Desarrollo de Negocio
;Mujer;6/12/2007;5:25 PM;58112;19.414;;Marketing
Matthew;Hombre;1/2/2013;10:33 PM;35203;18.04;False;Recursos Humanos
Kathleen;;4/11/1990;6:46 PM;77834;18.771;False;Desarrollo de Negocio
Steve;Hombre;11/11/2009;11:44 PM;61310;12.428;True;Distribución
Nancy;Mujer;12/15/2012;11:57 PM;125250;2.672;True;Desarrollo de Negocio
Rachel;Mujer;8/16/1999;6:53 AM;51178;9.735;True;Finanzas
Jose;Hombre;10/30/2004;1:39 PM;84834;14.33;True;Finanzas
Irene;;7/14/2015;4:31 PM;100863;4.382;True;Finanzas
Todd;;6/10/2003;2:26 PM;84692;6.617;False;Servicio al Cliente
Johnny;Hombre;11/6/2009;4:23 PM;118172;16.194;True;Ventas
Bobby;Hombre;5/7/2007;10:01 AM;54043;3.833;False;Producto
Frances;Mujer;4/4/1999;4:19 PM;90582;4.709;True;Ventas
Thomas;Hombre;6/4/1995;2:24 PM;62096;17.029;False;Marketing
Bonnie;Mujer;7/2/1991;1:27 AM;104897;5.118;True;Recursos Humanos
Margaret;Mujer;9/10/1988;12:42 PM;131604;7.353;True;Distribución
Charles;Hombre;9/14/2004;8:13 PM;107391;1.26;True;Marketing
Robin;Mujer;6/4/1983;3:15 PM;114797;5.965;True;Ventas
Bonnie;Mujer;11/13/1988;3:30 PM;115814;4.99;False;Producto
Gerald;;3/17/1995;12:50 AM;137126;15.602;True;Ventas
Christopher;Hombre;3/30/2008;10:52 AM;47369;14.822;False;Legal
Steven;Hombre;3/30/1980;9:20 PM;35095;8.379;True;Servicio al Cliente
Shawn;Hombre;9/23/2005;2:55 AM;148115;6.539;True;Finanzas
Doris;Mujer;8/20/2004;5:51 AM;83072;7.511;False;Finanzas
Jeremy;Hombre;2/1/2008;8:50 AM;100238;3.887;True;Servicio al Cliente
Annie;;9/29/2007;12:11 AM;103495;17.29;True;Desarrollo de Negocio
Annie;Mujer;1/30/1993;2:05 AM;144887;8.276;True;Ventas
Donna;Mujer;11/27/1991;1:59 PM;64088;6.155;True;Legal
Janice;Mujer;3/12/2016;12:40 AM;51082;11.955;False;Legal
Janice;;8/21/1997;5:12 AM;91719;11.583;True;Legal
James;;1/26/2005;11:00 PM;128771;8.309;False;
Linda;Mujer;5/25/2000;5:45 PM;119009;12.506;True;Desarrollo de Negocio
Virginia;;5/7/1994;5:58 PM;111858;1.601;True;Legal
Harry;Hombre;8/26/1981;3:16 PM;130620;7.03;False;Legal
Heather;Mujer;7/11/1998;2:17 PM;43026;14.166;False;Servicio al Cliente
Cynthia;Mujer;3/21/1994;8:34 AM;142321;1.737;False;Finanzas
Laura;;7/19/2014;9:23 PM;140371;10.62;True;Marketing
Tina;Mujer;6/16/2016;7:47 PM;100705;16.961;True;Marketing
Harold;Hombre;1/2/1985;9:40 PM;77544;12.447;False;Desarrollo de Negocio
Melissa;Mujer;6/21/2005;6:33 AM;48109;14.995;False;Finanzas
Aaron;Hombre;2/17/2012;10:20 AM;61602;11.849;True;Marketing
Jack;Hombre;1/12/1997;5:51 AM;103902;12.159;False;Servicio al Cliente
Phyllis;Mujer;10/11/1996;9:30 PM;136984;8.932;True;Finanzas
John;Hombre;12/23/1989;7:01 AM;80740;19.305;False;Marketing
Kathy;Mujer;3/9/1996;4:33 AM;91712;8.567;False;Finanzas
Paul;Hombre;8/4/1993;7:25 PM;42146;3.046;False;Legal
Steven;Hombre;4/23/2013;10:12 PM;68680;16.565;False;Legal
Russell;;5/5/1988;7:57 AM;133980;12.396;True;Legal
Christopher;Hombre;4/22/2000;10:15 AM;37919;11.449;False;
Shirley;Mujer;6/20/2001;10:39 PM;147113;16.135;False;Legal
Bonnie;Mujer;12/17/1999;3:12 PM;42153;8.454;True;Desarrollo de Negocio
Willie;Hombre;11/27/2003;6:21 AM;64363;4.023;False;Marketing
Tina;Mujer;6/12/2009;7:16 AM;114767;3.711;True;Ingeniería
Ashley;Mujer;8/4/2002;11:00 AM;58698;6.811;True;Desarrollo de Negocio
Pamela;Mujer;7/1/1982;6:51 AM;54585;4.166;False;Producto
;Hombre;6/22/1991;8:58 PM;76189;18.988;;Legal
Steven;Hombre;3/1/1995;3:03 PM;109095;9.494;False;Finanzas
Andrea;Mujer;1/12/2012;5:43 AM;120204;9.557;False;Desarrollo de Negocio
Paul;Hombre;6/3/2008;3:05 PM;41054;12.299;False;Marketing
Peter;Hombre;11/17/1994;6:15 PM;84885;15.402;False;Desarrollo de Negocio
Kathleen;;5/9/2016;8:55 AM;119735;18.74;False;Producto
Christina;Mujer;4/13/2012;2:04 PM;110169;13.892;True;Ingeniería
Helen;Mujer;11/29/2001;2:30 AM;73789;14.841;True;Producto
Marilyn;Mujer;11/16/1983;8:29 AM;76078;2.401;True;Producto
Patricia;Mujer;9/1/2003;6:46 AM;49368;14.226;False;Recursos Humanos
Michelle;Mujer;3/30/1984;6:43 PM;57325;17.179;True;Recursos Humanos
William;Hombre;9/29/2002;4:09 PM;66521;5.83;False;Recursos Humanos
Kenneth;Hombre;8/25/1987;9:16 PM;127654;16.439;True;Servicio al Cliente
Antonio;Hombre;10/25/1988;1:50 PM;60866;13.101;True;Desarrollo de Negocio
Shirley;Mujer;5/1/1984;1:15 PM;41334;6.219;True;Recursos Humanos
Rebecca;Mujer;7/10/1992;12:23 AM;94231;17.517;False;Producto
Carlos;Hombre;1/4/1995;7:02 AM;146670;10.763;False;Recursos Humanos
Lois;Mujer;12/25/1987;4:16 PM;106317;2.235;True;Servicio al Cliente
Carolyn;Mujer;4/9/2011;5:38 AM;109260;2.65;True;Desarrollo de Negocio
Gloria;Mujer;6/29/2007;5:34 AM;134148;8.833;True;Legal
Henry;Hombre;4/24/1995;4:18 AM;43542;19.687;False;Legal
Adam;Hombre;5/21/2011;1:45 AM;95327;15.12;False;Distribución
Ashley;Mujer;5/25/2006;11:30 AM;112238;6.03;True;Ingeniería
;Mujer;10/3/1990;1:08 AM;132373;10.527;;
Shirley;Mujer;2/28/1981;1:23 PM;113850;1.854;False;Marketing
Adam;Hombre;12/24/1990;8:57 PM;110194;14.727;True;Producto
Elizabeth;Mujer;10/9/2003;5:53 PM;146129;5.687;False;Finanzas
Teresa;;1/28/2016;10:55 AM;140013;8.689;True;Ingeniería
Nicole;;3/5/1982;2:28 PM;122717;12.452;False;Ventas
Jennifer;Mujer;4/4/2009;10:47 PM;71715;13.079;True;Servicio al Cliente
Patricia;Mujer;11/25/1992;2:24 AM;95322;4.15;False;Producto
Philip;Hombre;7/17/2008;1:30 PM;89227;3.996;False;Legal
Patrick;;7/14/1991;2:24 AM;124488;14.837;True;Ventas
;Mujer;8/17/2014;2:00 PM;86230;8.578;;Distribución
Sean;Hombre;5/4/1996;8:59 PM;135490;19.934;False;Marketing
Brandon;;11/3/1997;8:17 PM;121333;15.295;False;Desarrollo de Negocio
Ruth;Mujer;8/19/1999;4:03 AM;129297;8.067;True;Servicio al Cliente
Victor;;3/10/2011;8:40 PM;84546;10.489;True;Finanzas
Rebecca;Mujer;11/15/1980;4:13 AM;85730;5.359;True;Producto
Marie;Mujer;3/16/2003;12:12 AM;104058;17.695;True;Desarrollo de Negocio
Howard;Hombre;4/27/1992;1:10 AM;105062;1.563;False;Recursos Humanos
;Mujer;7/27/2005;8:32 AM;79536;14.443;;Producto
Norma;Mujer;2/28/1999;8:45 PM;114412;8.756;True;Marketing
James;;11/22/1983;10:52 PM;68501;14.316;False;Marketing
Kathy;Mujer;3/18/2000;7:26 PM;149563;16.991;True;Finanzas
Marilyn;;8/22/1999;9:09 AM;103386;11.451;False;Distribución
Arthur;Hombre;4/13/1998;11:28 AM;89786;14.422;True;Legal
Terry;Hombre;9/3/1990;9:15 PM;52226;19.135;False;Servicio al Cliente
Mary;Mujer;8/13/1999;1:03 AM;134645;18.197;False;Desarrollo de Negocio
;Mujer;3/23/2014;1:28 PM;59148;9.061;;Legal
;Mujer;7/9/1991;6:52 PM;42341;7.014;;Ventas
Christopher;Hombre;12/24/2011;12:22 PM;142178;17.984;True;Ventas
Peter;;9/3/1987;5:59 PM;38989;7.017;True;Marketing
Michelle;Mujer;11/4/1996;9:34 PM;53754;5.455;True;Producto
Irene;Mujer;1/29/1992;11:36 AM;133772;19.02;True;Ventas
Patrick;Hombre;8/17/2007;3:16 AM;143499;17.495;True;Ingeniería
Sara;Mujer;9/23/1991;6:17 PM;97058;9.402;False;Finanzas
Lillian;Mujer;12/21/2008;6:51 PM;85446;3.959;True;Ingeniería
;;9/18/2007;6:59 PM;40297;6.185;;Servicio al Cliente
Willie;Hombre;2/17/1998;8:20 PM;146651;1.451;True;Ingeniería
Victor;Hombre;1/8/2003;1:02 PM;124486;10.166;False;Producto
Wayne;Hombre;4/7/2012;8:00 AM;102652;14.085;True;Distribución
Jane;Mujer;9/3/1997;2:01 AM;144474;17.648;False;Producto
Jessica;Mujer;10/23/1995;5:53 AM;68759;19.343;True;Finanzas
Mark;Hombre;4/12/2008;5:40 PM;57286;5.025;True;Desarrollo de Negocio
Randy;Hombre;11/14/1999;12:12 PM;58129;1.952;True;Distribución
Lillian;Mujer;6/19/1999;4:44 PM;123940;12.184;True;Desarrollo de Negocio
Ruth;;5/18/1999;5:56 AM;98233;2.518;True;Distribución
Jerry;Hombre;12/18/2003;6:46 AM;140810;9.177;True;Servicio al Cliente
Sandra;Mujer;1/19/1983;7:25 AM;42090;8.842;True;Legal
;Mujer;2/23/2005;9:50 PM;149654;1.825;;Ventas
Roger;Hombre;11/19/2004;3:55 PM;51430;6.46;False;Marketing
Charles;Hombre;10/14/2000;9:40 PM;71749;15.931;False;Legal
Clarence;Hombre;5/2/1998;3:16 AM;85700;1.215;False;Ventas
Carol;Mujer;3/19/1996;3:39 AM;57783;9.129;False;Finanzas
Lois;Mujer;10/18/2013;4:51 PM;36946;6.652;False;Ingeniería
Barbara;;5/3/2003;7:32 PM;99326;16.475;True;Legal
Rebecca;Mujer;2/18/1995;6:50 AM;109259;4.443;True;Legal
Irene;Mujer;1/30/2004;8:25 PM;131038;8.996;False;Distribución
Ronald;Hombre;4/30/2014;2:19 PM;121068;12.757;True;Producto
Steven;Hombre;11/10/1985;10:53 AM;62719;19.127;False;Servicio al Cliente
Carolyn;Mujer;11/6/2012;3:51 AM;69268;3.031;False;Servicio al Cliente
Maria;Mujer;12/27/1990;9:57 PM;36067;9.64;True;Producto
Jonathan;Hombre;7/17/2009;8:15 AM;130581;16.736;True;
Gary;Hombre;8/12/1987;12:04 AM;89661;8.525;False;Finanzas
Kimberly;Mujer;7/15/1997;5:57 AM;36643;7.953;False;Marketing
Roger;Hombre;11/8/1982;2:32 AM;140558;5.084;True;Ventas
Diana;Mujer;1/4/2013;7:53 AM;103521;2.784;True;Desarrollo de Negocio
Willie;Hombre;6/6/2006;9:45 AM;55281;4.935;True;Marketing
Brandon;Hombre;3/27/2006;5:54 PM;115711;8.012;True;Finanzas
Patricia;Mujer;12/6/2012;4:01 AM;114079;8.399;True;Servicio al Cliente
Katherine;Mujer;11/14/1999;8:15 AM;57531;1.767;False;Servicio al Cliente
Jonathan;Hombre;10/12/1987;2:59 AM;141069;4.903;False;Recursos Humanos
Emily;Mujer;9/20/2007;11:25 AM;89434;11.295;False;Ingeniería
Ruth;Mujer;8/12/1986;7:29 PM;44639;9.148;True;Legal
Linda;Mujer;6/24/2006;12:04 PM;110967;19.612;True;Recursos Humanos
Lisa;Mujer;11/2/2009;9:42 AM;115387;1.821;False;Servicio al Cliente
Evelyn;Mujer;5/24/1980;11:10 PM;81673;15.364;True;Ingeniería
Julie;Mujer;7/23/1989;1:52 PM;109588;3.55;False;Ingeniería
Mary;Mujer;5/30/2009;11:41 PM;92544;3.8;False;Servicio al Cliente
Matthew;Hombre;7/31/2013;8:04 AM;142373;2.462;False;Marketing
Douglas;Hombre;9/3/1999;4:00 PM;83341;1.015;True;Servicio al Cliente
Gregory;;6/15/1992;5:08 AM;98865;10.628;True;Finanzas
Billy;Hombre;3/13/1995;12:05 PM;120444;7.768;True;Finanzas
;Mujer;6/17/1991;12:49 PM;71945;5.56;;Marketing
Gregory;Hombre;1/29/2000;6:01 AM;109564;3.845;False;Legal
Jason;Hombre;10/17/1999;10:09 PM;78417;3.067;False;Finanzas
Daniel;Hombre;4/30/2010;3:48 AM;106947;15.866;True;Legal
Sarah;Mujer;9/14/1995;7:50 AM;87298;2.311;False;Distribución
Harry;Hombre;10/1/2015;7:47 PM;64579;15.266;True;Ventas
Kathy;Mujer;4/19/1995;12:46 AM;50905;9.404;True;Finanzas
Todd;Hombre;4/13/1999;10:31 AM;59728;11.226;True;Servicio al Cliente
Bobby;Hombre;9/23/1994;1:29 AM;51685;17.445;True;Ingeniería
Jeremy;Hombre;6/8/2000;12:15 AM;49542;1.679;True;Distribución
George;;2/24/1988;11:29 AM;38375;8.999;False;Legal
Diane;Mujer;4/18/1993;3:22 AM;64084;17.018;False;Producto
Marilyn;Mujer;4/4/1997;9:28 PM;147663;10.263;False;Recursos Humanos
Kathryn;Mujer;2/4/2004;1:47 PM;73935;14.752;False;Ventas
Irene;Mujer;2/4/1982;5:26 PM;40837;12.182;True;Servicio al Cliente
Norma;Mujer;2/11/2015;11:44 PM;94393;3.643;True;Ingeniería
Laura;Mujer;4/2/2006;1:57 PM;42087;2.624;False;Producto
Cheryl;Mujer;9/23/2008;2:57 AM;52080;9.375;False;Legal
Kevin;Hombre;3/25/1982;7:31 AM;35061;5.128;False;Legal
Lillian;;5/12/2016;3:43 PM;64164;17.612;False;Recursos Humanos
Phyllis;;4/21/1984;7:05 PM;94088;19.107;False;Distribución
Walter;Hombre;7/6/1983;11:54 PM;127813;5.961;False;Finanzas
Robert;Hombre;10/27/1990;7:15 PM;38041;18.428;True;Ingeniería
Jimmy;Hombre;10/7/1986;5:53 PM;126310;5.413;True;Producto
Clarence;Hombre;10/8/1996;12:53 PM;142561;8.866;False;Servicio al Cliente
Victor;Hombre;4/11/1991;7:44 AM;70817;17.138;False;Ingeniería
Fred;;12/2/1984;2:03 PM;59937;12.045;True;Recursos Humanos
Brenda;;7/27/2010;11:07 PM;106115;3.742;True;Producto
Justin;Hombre;12/6/1992;5:58 PM;82782;4.366;True;Distribución
Betty;Mujer;6/12/2002;3:59 AM;104896;19.55;True;Desarrollo de Negocio
Randy;;2/6/1986;3:04 PM;133943;8.94;True;Ventas
Sharon;;3/1/1990;3:46 AM;83658;6.513;False;Desarrollo de Negocio
Ralph;Hombre;11/11/2004;1:35 AM;71896;4.232;True;Marketing
;;4/28/2003;3:01 AM;113732;10.391;;Ventas
Edward;Hombre;5/27/1985;10:13 PM;110485;7.995;False;Servicio al Cliente
Denise;Mujer;3/20/2009;7:57 AM;115118;5.108;False;Recursos Humanos
Debra;Mujer;3/13/1998;11:16 PM;48696;4.75;False;Legal
;Hombre;11/25/1999;6:16 AM;42676;15.517;;Ventas
Michael;Hombre;1/24/2002;3:04 AM;43586;12.659;False;
Henry;Hombre;2/6/1995;8:34 AM;89258;15.585;True;Recursos Humanos
Gloria;Mujer;3/27/2007;1:44 AM;90730;2.491;False;Distribución
Marie;Mujer;8/6/1995;1:58 PM;100308;13.677;False;Producto
Anne;Mujer;7/16/1986;2:08 PM;69134;3.723;True;Ingeniería
Sarah;;11/21/1985;1:08 PM;58295;14.603;True;Ingeniería
Stephanie;Mujer;3/24/1983;11:15 AM;50141;13.218;True;Recursos Humanos
Roy;Hombre;9/23/2004;1:31 PM;101941;3.45;False;Servicio al Cliente
;Mujer;8/5/2009;8:14 AM;115145;14.063;;Distribución
;Hombre;2/4/2005;1:01 PM;40451;16.044;;Distribución
Irene;Mujer;3/3/1982;8:26 AM;56526;5.81;True;Finanzas
;Mujer;8/2/1992;8:35 PM;145316;18.517;;Recursos Humanos
Thomas;Hombre;4/6/2011;1:04 PM;103235;9.554;True;Recursos Humanos
Frank;;11/20/2001;10:18 AM;58563;12.062;True;Marketing
Fred;Hombre;2/20/1980;2:25 AM;74129;18.225;False;Producto
Nicholas;Hombre;4/12/1994;8:21 PM;74669;1.113;True;Producto
Howard;Hombre;10/5/1982;7:22 AM;97490;5.46;True;Marketing
Debra;Mujer;2/22/1994;10:25 PM;104250;18.456;True;Desarrollo de Negocio
Christine;Mujer;7/3/1989;4:01 AM;94345;11.996;False;Finanzas
Brenda;;5/29/1991;6:32 AM;82439;19.062;False;Ventas
Betty;Mujer;6/28/2005;6:03 PM;51613;12.984;False;Distribución
Ruby;Mujer;11/8/2000;7:35 PM;105946;1.139;False;Desarrollo de Negocio
Kevin;Hombre;7/12/1997;2:07 AM;46080;9.635;False;Desarrollo de Negocio
Arthur;Hombre;1/1/2014;7:46 PM;134610;6.147;True;Recursos Humanos
Carl;;2/7/2014;3:57 AM;125104;12.345;False;Servicio al Cliente
Todd;Hombre;3/11/2009;3:43 AM;107281;1.612;True;Ingeniería
Brenda;Mujer;10/6/2005;9:33 PM;141521;4.337;False;Servicio al Cliente
Judy;Mujer;9/16/1997;12:10 AM;65931;2.304;False;Recursos Humanos
Todd;Hombre;2/2/1984;10:13 AM;69989;10.985;True;Finanzas
Lois;Mujer;11/9/2011;7:06 AM;147183;9.999;True;Servicio al Cliente
Walter;;12/21/1999;10:33 PM;66757;18.099;False;Distribución
Jessica;Mujer;9/27/1985;1:35 PM;75145;6.388;True;Legal
Jeremy;Hombre;6/14/1988;6:20 PM;129460;13.657;True;
Tammy;Mujer;11/11/1984;10:30 AM;132839;17.463;True;Servicio al Cliente
Anne;Mujer;3/7/2000;6:45 AM;44537;18.284;True;Servicio al Cliente
Jesse;Hombre;10/25/1999;3:35 PM;118733;9.653;False;Marketing
Virginia;Mujer;10/20/1999;6:23 AM;46905;19.154;False;Distribución
Jesse;Hombre;3/2/1981;7:26 PM;79582;3.873;False;Legal
Jeremy;;11/10/1996;1:49 PM;55394;3.18;True;Ventas
Daniel;Hombre;9/15/2007;10:16 PM;123811;7.664;True;Recursos Humanos
Patrick;;8/30/2004;11:43 AM;137314;4.542;True;Marketing
Emily;Mujer;1/13/1988;6:42 AM;36711;19.028;True;Recursos Humanos
Alan;Hombre;6/26/1988;3:54 AM;111786;3.592;True;Ingeniería
James;Hombre;7/11/2015;8:52 PM;72257;13.023;False;Ingeniería
Adam;Hombre;7/5/2007;11:59 AM;71276;5.027;True;Recursos Humanos
Joan;;7/25/1980;12:22 PM;38712;3.657;False;Servicio al Cliente
Jeremy;Hombre;8/12/1981;12:05 AM;46930;18.702;True;Finanzas
Margaret;Mujer;2/6/1993;1:05 PM;125220;3.733;False;Marketing
Mark;Hombre;4/1/1984;1:21 PM;121477;17.44;True;Desarrollo de Negocio
Marilyn;Mujer;9/26/1981;2:23 AM;86386;2.937;False;Distribución
Cheryl;Mujer;9/8/2009;10:16 AM;81308;2.196;True;Legal
Benjamin;Hombre;9/11/1984;6:37 AM;84810;15.794;False;Marketing
Harold;Hombre;2/20/1990;11:00 PM;66775;2.158;True;Legal
Ernest;;1/18/2002;1:51 AM;72145;13.448;True;Finanzas
Gerald;Hombre;4/16/2001;10:09 PM;121604;1.923;True;Ventas
Judy;Mujer;7/1/1991;2:33 AM;109510;13.457;True;Legal
Bobby;Hombre;3/31/1996;5:40 PM;112117;6.338;False;
Bobby;;9/1/1995;2:09 PM;108127;15.858;False;Servicio al Cliente
Marie;Mujer;10/3/2013;8:05 PM;123711;10.966;False;Producto
Kathy;Mujer;12/18/2013;3:09 PM;132381;8.34;False;Desarrollo de Negocio
Roy;Hombre;8/6/2006;7:52 AM;148225;1.841;False;Finanzas
Jacqueline;Mujer;11/25/1981;3:01 PM;145988;18.243;False;Marketing
;Mujer;7/8/2008;11:40 PM;62960;14.356;;Ventas
Julie;Mujer;3/23/1986;9:26 AM;56926;7.507;False;Ventas
Douglas;Hombre;1/8/2002;6:42 PM;41428;14.372;False;Producto
Linda;Mujer;12/16/1990;2:20 AM;115658;3.041;True;Ventas
Ruby;Mujer;12/10/1988;8:27 PM;76707;6.031;False;Desarrollo de Negocio
Russell;Hombre;1/2/2005;1:48 AM;60388;17.885;False;Servicio al Cliente
Jeffrey;Hombre;6/18/1997;8:01 PM;45150;12.075;True;Producto
Aaron;Hombre;1/29/1994;6:48 PM;58755;5.097;True;Marketing
Samuel;Hombre;12/19/1991;2:54 AM;76076;5.319;True;Finanzas
;Hombre;1/27/2010;2:57 AM;87760;14.987;;Ingeniería
Randy;Hombre;3/16/2014;6:24 PM;135119;7.887;False;Servicio al Cliente
Evelyn;Mujer;9/3/1983;1:58 PM;36759;17.269;True;Marketing
Fred;Hombre;2/13/1987;2:15 PM;121723;18.645;True;Producto
Shirley;Mujer;6/8/1986;2:25 AM;110061;7.494;False;Servicio al Cliente
Todd;Hombre;5/23/2011;4:14 PM;85074;1.844;False;Servicio al Cliente
Robert;Hombre;11/18/2014;5:00 AM;85799;19.93;False;Finanzas
Mark;Hombre;1/22/2007;2:37 PM;75150;12.182;True;Legal
Earl;Hombre;1/5/2000;5:46 PM;91344;4.035;True;Ventas
Richard;Hombre;9/27/2005;1:41 AM;86326;10.717;False;Producto
Michael;Hombre;11/22/1991;12:57 PM;98753;16.443;True;Recursos Humanos
Steven;Hombre;5/12/2009;2:14 PM;113060;2.846;True;Ventas
Carlos;Hombre;9/19/2007;1:01 AM;77327;11.58;True;Finanzas
Marie;Mujer;10/20/2011;10:09 PM;62666;10.247;False;Producto
Ronald;Hombre;2/24/2009;2:09 PM;96633;4.99;True;Ingeniería
Scott;Hombre;5/12/2009;4:36 AM;58248;3.914;False;Desarrollo de Negocio
Steven;Hombre;11/21/2006;8:30 AM;83706;6.96;True;Recursos Humanos
James;Hombre;11/22/1998;3:48 AM;74086;5.778;True;Recursos Humanos
Lori;Mujer;3/31/1988;10:59 PM;95389;14.223;False;Ventas
Philip;Hombre;8/2/1989;11:21 AM;129968;19.897;False;Finanzas
Phyllis;Mujer;11/24/2005;11:57 PM;140347;8.723;False;Ventas
Thomas;;8/31/1995;8:31 PM;41549;3.95;False;Ventas
Cynthia;Mujer;12/3/2012;11:03 PM;74287;10.751;False;Ventas
;Hombre;10/9/2011;9:29 AM;69906;4.844;;Ingeniería
;Hombre;4/22/1997;9:36 PM;65078;3.095;;Marketing
Elizabeth;Mujer;11/10/2005;4:56 AM;106406;1.782;True;Legal
Andrea;Mujer;9/14/2003;10:30 PM;115913;12.121;False;Legal
Judy;Mujer;2/1/1990;3:32 PM;38092;5.668;False;Distribución
Russell;Hombre;8/13/2014;3:51 PM;121160;7.843;False;Ingeniería
Scott;Hombre;12/17/2011;3:45 AM;90429;4.45;False;Producto
Sarah;Mujer;5/22/1994;7:06 AM;64207;7.824;True;Servicio al Cliente
Susan;Mujer;9/25/2004;1:30 AM;80688;18.892;True;Ventas
Margaret;Mujer;5/5/2014;6:01 AM;55044;4.078;False;Ventas
Joshua;Hombre;11/9/2009;6:32 AM;72893;9.555;False;Distribución
Justin;;4/15/2005;8:43 PM;96978;13.865;False;Finanzas
Juan;Hombre;4/16/2002;11:09 PM;97364;3.595;False;Producto
Gloria;;7/19/1983;1:57 AM;140885;1.113;False;Recursos Humanos
Jennifer;;1/24/1989;8:38 PM;58520;16.231;True;Servicio al Cliente
Edward;Hombre;8/4/1989;6:06 AM;66067;10.957;True;
Marilyn;Mujer;12/17/1982;12:10 PM;147183;8.748;False;Desarrollo de Negocio
Mary;Mujer;10/18/2009;6:32 PM;87721;12.484;False;Producto
Linda;Mujer;7/15/2009;10:12 PM;144001;2.194;False;Desarrollo de Negocio
Larry;Hombre;8/27/2003;1:00 PM;91133;5.14;False;Ventas
Albert;Hombre;2/1/1997;4:20 PM;67827;19.717;True;Ingeniería
Kenneth;Hombre;4/13/1999;10:28 PM;81839;12.072;False;Ventas
;Mujer;12/31/2006;11:02 PM;81444;3.171;;Distribución
Gregory;;7/9/2011;11:31 PM;137661;4.805;True;Ventas
Brandon;Hombre;10/16/2015;2:44 AM;112548;4.664;False;Ingeniería
Stephen;Hombre;4/9/1987;12:47 PM;111249;10.574;True;Recursos Humanos
Russell;Hombre;10/30/1994;5:46 AM;114334;9.669;False;Producto
;Mujer;9/18/2002;12:39 PM;118906;4.537;;Marketing
Pamela;;7/15/2001;1:33 PM;72979;5.66;False;Ventas
Scott;Hombre;8/3/1996;1:50 AM;64172;10.894;True;Ingeniería
;Mujer;4/18/1996;3:57 PM;107024;12.182;;
Carlos;Hombre;7/28/2010;3:08 PM;50167;2.362;False;Producto
Jack;Hombre;12/24/1980;10:58 PM;106995;15.723;False;Producto
Debra;Mujer;1/19/2010;8:48 AM;70492;8.895;False;Servicio al Cliente
Phyllis;Mujer;1/15/1995;5:27 AM;125881;16.697;False;Ventas
Robert;Hombre;10/29/1994;4:26 AM;123294;19.894;False;Servicio al Cliente
Gloria;Mujer;9/19/1989;7:40 PM;131045;11.312;True;Producto
Sharon;;10/28/1984;5:59 PM;97635;10.413;True;Servicio al Cliente
Barbara;;4/26/2001;12:22 AM;94493;13.443;True;Ventas
Marilyn;Mujer;8/15/1989;9:14 AM;140502;9.989;True;Ventas
Ralph;Hombre;10/27/2010;10:28 AM;106310;4.03;True;Servicio al Cliente
Harry;;12/5/1996;5:45 AM;46240;6.976;True;Ingeniería
Robin;Mujer;1/8/1998;2:12 AM;111163;5.025;True;Producto
Kathy;Mujer;11/25/2001;9:55 PM;93753;7.094;True;Ventas
Rose;Mujer;7/6/2002;3:57 PM;63494;19.385;True;Recursos Humanos
Clarence;Hombre;1/13/2005;9:00 AM;116693;13.835;True;Distribución
Doris;Mujer;7/29/1992;6:40 PM;85215;7.425;True;Recursos Humanos
Kathryn;Mujer;6/9/1988;9:29 AM;86439;7.799;False;Finanzas
Billy;;3/16/2004;8:21 AM;62913;18.241;True;Marketing
Norma;Mujer;4/16/1996;5:40 AM;38872;9.302;True;Desarrollo de Negocio
Richard;;11/28/1992;5:05 PM;124655;14.272;True;Ingeniería
Craig;Hombre;2/8/1984;4:45 AM;113506;19.642;False;Marketing
Sarah;;7/20/1990;10:49 PM;109980;8.86;False;Ventas
Sharon;Mujer;3/9/2014;4:39 PM;91522;7.564;False;Finanzas
Mary;Mujer;8/22/2010;8:03 AM;42214;17.538;True;Desarrollo de Negocio
Steve;;2/23/2002;3:55 AM;83159;9.55;True;Distribución
Joe;Hombre;12/5/2010;4:20 PM;144082;1.62;True;Servicio al Cliente
Jeremy;Hombre;5/29/1994;6:24 AM;47885;19.276;True;Recursos Humanos
Ernest;Hombre;8/14/2012;11:25 AM;126232;6.191;True;Ventas
Kevin;Hombre;6/23/1981;8:26 PM;134598;11.699;False;Desarrollo de Negocio
Jacqueline;Mujer;2/11/2007;2:01 AM;66604;14.609;False;Legal
Johnny;Hombre;9/14/1992;8:21 AM;115194;5.861;True;Marketing
Gary;Hombre;8/18/2011;8:12 AM;49101;11.9;True;Desarrollo de Negocio
Shirley;;11/16/1990;6:01 PM;67811;12.699;False;Finanzas
;Hombre;6/29/2008;5:23 AM;111043;5.966;;Distribución
Sarah;;8/31/1981;2:51 PM;37748;9.047;False;Recursos Humanos
Julia;Mujer;3/2/1982;12:52 PM;36403;2.664;True;Finanzas
Dorothy;Mujer;11/5/2013;10:50 PM;140136;3.12;True;Desarrollo de Negocio
Justin;Hombre;5/22/1986;6:30 AM;121508;19.334;True;Finanzas
Kevin;Hombre;11/20/1986;6:59 PM;79906;18.021;True;Ventas
Victor;Hombre;9/24/2005;12:04 PM;123144;16.261;True;Producto
Deborah;Mujer;11/25/1980;4:33 AM;46953;17.436;False;Servicio al Cliente
Matthew;;6/9/2003;7:35 AM;79443;14.637;False;Recursos Humanos
Alice;Mujer;5/2/1986;1:50 AM;51395;2.378;True;Finanzas
Todd;Hombre;3/16/2016;2:45 PM;134408;3.56;True;Recursos Humanos
Frank;Hombre;1/10/1981;1:30 PM;71853;8.037;True;Ventas
Christopher;Hombre;5/13/1999;10:48 AM;68028;7.869;True;Finanzas
Rose;Mujer;5/28/2015;8:40 AM;149903;5.63;False;Recursos Humanos
Andrea;Mujer;10/1/2010;11:54 AM;79123;19.422;False;Distribución
Charles;Hombre;12/16/1999;8:28 PM;104014;7.077;False;Legal
Jessica;;3/7/2015;8:45 PM;121160;12.993;False;Servicio al Cliente
Wanda;Mujer;7/20/2008;1:44 PM;65362;7.132;True;Legal
Joyce;Mujer;2/7/1995;7:38 AM;50701;14.227;True;
Billy;Hombre;12/1/2006;3:32 PM;144709;10.069;True;Distribución
Kathryn;Mujer;8/29/2007;6:10 AM;53061;11.864;True;Finanzas
Denise;Mujer;3/18/2001;12:02 AM;36697;11.196;True;Ventas
Jason;Hombre;11/20/1998;2:54 PM;69244;6.22;True;
Nicholas;Hombre;3/1/2013;9:26 PM;101036;2.826;True;Recursos Humanos
Aaron;Hombre;7/22/1990;2:53 PM;52119;11.343;True;Servicio al Cliente
Louise;Mujer;5/13/2003;9:47 AM;46666;1.886;True;Desarrollo de Negocio
Julie;Mujer;4/23/1998;5:52 AM;73437;2.518;True;Finanzas
Kathy;Mujer;5/8/1987;6:19 PM;86318;18.492;True;Ventas
;Hombre;5/24/2016;9:17 PM;76409;7.008;;Distribución
Chris;Hombre;12/12/2006;1:57 AM;71642;1.496;False;
Cheryl;Mujer;8/16/1994;8:33 AM;67150;15.85;True;Marketing
Gregory;Hombre;5/15/2009;3:52 PM;142208;11.204;True;Ingeniería
Wayne;Hombre;1/30/1992;3:01 PM;81183;17.066;False;Servicio al Cliente
Beverly;Mujer;11/30/2005;2:57 AM;107163;3.665;True;Recursos Humanos
Willie;Hombre;8/22/2009;1:03 PM;55038;19.691;False;Legal
Terry;;7/15/2016;12:29 AM;140002;19.49;True;Marketing
Scott;Hombre;11/17/2012;2:47 PM;146812;1.965;True;Marketing
Annie;Mujer;12/19/1994;6:19 AM;40119;4.338;True;Recursos Humanos
;Hombre;2/21/1995;12:26 AM;136602;10.429;;Marketing
Ruth;Mujer;10/24/2000;4:13 AM;69579;18.029;True;Recursos Humanos
Deborah;;2/3/1983;11:38 PM;101457;6.662;False;Ingeniería
Patricia;Mujer;1/9/2015;4:16 AM;121232;16.624;False;Legal
Albert;Hombre;9/30/2007;5:34 PM;102626;15.843;False;Finanzas
Charles;;3/1/1987;1:00 PM;137171;5.574;True;Marketing
Tina;Mujer;1/17/2005;9:11 AM;88276;14.248;False;Legal
Jeremy;Hombre;8/9/2001;3:56 AM;43354;13.946;False;Marketing
Craig;Hombre;4/14/1996;9:17 AM;125556;7.996;False;Ingeniería
Jose;Hombre;7/11/2002;9:15 AM;59862;3.269;False;Producto
Lawrence;Hombre;5/13/2005;1:25 AM;74640;18.641;False;Marketing
Helen;Mujer;10/31/1997;2:43 AM;52875;4.188;False;Legal
Walter;Hombre;8/4/2007;1:59 PM;58789;5.461;False;Ventas
Amy;Mujer;6/19/2002;3:06 AM;122897;8.222;True;Ingeniería
Janice;Mujer;6/28/1997;1:48 PM;136032;10.696;True;Marketing
Stephen;Hombre;5/9/2015;7:07 PM;141958;9.078;True;Legal
Ryan;Hombre;7/20/1993;10:18 PM;139917;11.466;False;Distribución
Sharon;Mujer;3/12/2002;6:32 AM;147635;14.693;False;Recursos Humanos
Joshua;Hombre;7/10/1984;7:22 PM;68230;8.047;False;Servicio al Cliente
Clarence;Hombre;8/20/1992;8:23 PM;124365;8.457;False;Desarrollo de Negocio
Jonathan;Hombre;8/15/2002;12:01 AM;104749;11.364;False;Ingeniería
Stephanie;Mujer;11/26/1992;12:54 AM;122121;7.937;True;Ingeniería
Kathy;Mujer;10/25/1996;12:59 PM;143541;8.461;False;Recursos Humanos
Albert;Hombre;8/14/2008;5:43 PM;137840;9.705;False;Desarrollo de Negocio
Michael;Hombre;5/22/2011;10:42 AM;73354;18.357;False;Desarrollo de Negocio
Richard;Hombre;7/4/1997;11:47 AM;47647;18.787;True;
Amy;Mujer;3/30/2008;10:54 PM;106249;15.967;False;Ventas
;Mujer;4/27/2013;6:40 AM;93847;1.085;;Desarrollo de Negocio
Beverly;;5/3/1995;5:49 AM;104815;3.38;False;Producto
;Mujer;4/26/1992;8:01 PM;115436;3.099;;Recursos Humanos
Joe;Hombre;4/14/2000;3:14 PM;50645;11.119;False;Marketing
Ashley;Mujer;8/15/1997;9:48 PM;142415;1.985;True;Finanzas
Howard;Hombre;4/9/2012;6:36 AM;37984;2.021;False;Distribución
Cheryl;Mujer;12/3/2014;9:27 AM;71751;15.918;False;Desarrollo de Negocio
Robert;Hombre;3/11/2007;11:20 AM;135882;19.944;False;Legal
Sharon;Mujer;7/1/2011;9:50 AM;46007;19.731;True;Servicio al Cliente
Judith;Mujer;11/23/2007;1:22 PM;117055;7.461;False;Marketing
Nicholas;;9/9/1989;7:12 PM;58478;6.525;True;Distribución
Jerry;Hombre;1/30/1995;7:51 PM;121357;18.845;False;Desarrollo de Negocio
Craig;Hombre;11/1/2005;11:31 PM;44857;13.266;False;Finanzas
Barbara;Mujer;3/21/2002;8:02 AM;47322;7.25;True;Ventas
Eugene;Hombre;5/24/1984;10:54 AM;81077;2.117;False;Ventas
Johnny;Hombre;2/26/2016;7:39 PM;76394;5.437;True;Marketing
Benjamin;Hombre;5/5/2013;3:28 PM;114356;7.123;False;Servicio al Cliente
Diana;Mujer;6/13/1994;4:21 PM;41831;4.548;False;Desarrollo de Negocio
Barbara;;12/10/1980;11:04 PM;90187;14.764;True;Distribución
Christine;Mujer;2/1/2003;1:11 PM;72613;11.126;False;Legal
Sean;Hombre;2/11/2013;7:07 PM;42748;9.765;False;Distribución
Sarah;Mujer;11/3/1980;2:47 PM;37259;1.763;False;Servicio al Cliente
Roger;Hombre;8/3/2015;4:56 PM;125033;4.887;True;Marketing
;Mujer;6/24/2014;10:05 AM;38275;10.494;;Distribución
;Hombre;4/20/1980;1:17 PM;71520;13.248;;Ingeniería
Donald;Hombre;7/14/1995;7:51 AM;106472;6.499;True;Servicio al Cliente
Clarence;Hombre;11/3/2015;12:11 AM;103684;18.654;True;Ingeniería
Scott;Hombre;11/23/1996;7:36 PM;96111;15.592;False;Recursos Humanos
Ann;Mujer;11/4/1984;12:17 PM;90719;6.22;False;Desarrollo de Negocio
Frank;Hombre;4/27/2003;12:04 PM;140303;17.07;False;Legal
Joe;Hombre;7/4/1983;7:32 AM;62161;8.13;True;Desarrollo de Negocio
Wanda;Mujer;4/6/1993;3:11 AM;78883;19.695;False;
Jimmy;Hombre;11/19/2013;7:29 PM;63549;19.624;False;
Amy;;12/25/1984;10:52 AM;63888;18.115;True;Producto
Larry;Hombre;1/8/1999;2:05 AM;97370;10.458;False;Ventas
Gloria;Mujer;4/12/1992;8:26 PM;66224;15.979;True;Legal
Ruth;Mujer;12/12/1996;10:07 AM;97915;3.997;True;Recursos Humanos
Diana;Mujer;1/19/1995;12:37 AM;86883;18.003;True;Producto
Raymond;Hombre;2/16/2009;10:38 PM;37812;3.178;False;Recursos Humanos
Peter;Hombre;2/22/2003;9:09 AM;56580;8.411;True;
;;9/25/1981;9:59 AM;83895;17.971;;Ingeniería
Catherine;Mujer;8/31/2013;7:24 PM;58047;14.858;True;Distribución
Diane;Mujer;7/5/1982;4:56 PM;124889;15.026;True;Ventas
Peter;;10/13/2014;9:33 PM;118840;14.509;True;Servicio al Cliente
Steve;Hombre;8/22/1995;6:58 AM;67780;9.54;True;Recursos Humanos
Barbara;Mujer;3/22/2004;8:11 AM;144677;8.696;False;Finanzas
Helen;;12/2/1993;1:42 PM;45724;1.022;False;Producto
Jimmy;;8/26/1983;2:48 AM;86676;7.175;True;Producto
Christopher;Hombre;4/23/2014;7:52 AM;82401;7.252;False;Servicio al Cliente
Kathleen;Mujer;6/13/2014;9:16 AM;35575;14.595;False;Distribución
Virginia;Mujer;5/2/2010;9:10 PM;123649;10.154;True;Marketing
Lisa;Mujer;2/26/2005;6:33 PM;38078;10.28;True;Producto
Earl;Hombre;2/11/2014;9:03 PM;52620;13.773;False;Producto
Gerald;;1/8/1992;3:50 PM;133366;12.292;False;Legal
Louise;Mujer;9/18/1981;5:47 AM;91462;8.205;False;Marketing
Clarence;Hombre;8/26/1982;9:47 AM;146589;4.905;True;Desarrollo de Negocio
Cynthia;Mujer;9/14/1991;1:08 PM;51633;13.472;True;Desarrollo de Negocio
Adam;Hombre;10/8/2010;9:53 PM;45181;3.491;False;Recursos Humanos
Justin;Hombre;9/6/1999;10:30 AM;62454;3.459;True;Ventas
;Mujer;12/2/2009;3:30 AM;84746;4.82;;Finanzas
Ruby;Mujer;5/1/1999;3:36 AM;147362;7.851;True;Ingeniería
Amanda;Mujer;8/1/2004;1:32 PM;80803;14.077;True;Distribución
Anna;Mujer;4/15/2008;2:34 PM;117293;2.366;False;Servicio al Cliente
Roger;Hombre;7/3/2010;5:11 PM;105689;13.32;True;Marketing
Julie;;2/4/1999;5:35 PM;93302;9.048;True;Producto
Joseph;Hombre;9/10/1992;6:50 PM;102555;3.672;True;Producto
Evelyn;Mujer;9/22/1998;7:55 PM;51525;10.366;False;Finanzas
Janice;Mujer;1/2/1984;9:06 PM;41190;3.311;True;Ventas
Sara;Mujer;2/25/1980;10:50 PM;75484;3.186;False;Finanzas
Gregory;Hombre;6/18/1984;3:46 AM;82726;16.304;True;Marketing
Philip;Hombre;7/18/1985;6:36 AM;122319;19.122;False;Ingeniería
Barbara;Mujer;9/2/1991;3:41 PM;127297;11.905;True;Producto
Amanda;Mujer;6/7/2002;7:46 AM;109290;13.853;False;Ingeniería
Phyllis;;10/25/1985;7:11 AM;99150;6.007;False;Servicio al Cliente
Anne;Mujer;10/26/1996;8:09 PM;71930;18.451;True;Producto
Arthur;Hombre;12/16/2014;4:56 PM;66819;6.639;True;Marketing
Jane;Mujer;6/1/1994;8:39 AM;42424;18.115;False;Distribución
Linda;Mujer;8/18/1985;4:34 AM;51431;13.295;False;Ingeniería
Ashley;Mujer;11/17/1999;9:18 PM;120675;6.51;False;Recursos Humanos
Shawn;Hombre;12/3/2009;10:24 AM;96610;2.097;True;Servicio al Cliente
Kathleen;Mujer;9/20/1996;3:45 PM;71430;8.572;False;Ingeniería
Sara;;10/7/1983;1:35 PM;87713;18.863;True;Legal
Randy;Hombre;5/2/2002;7:39 PM;86723;14.842;False;Ingeniería
Andrew;Hombre;3/29/1985;6:57 PM;43414;7.563;True;Servicio al Cliente
Marilyn;Mujer;8/9/2006;11:24 AM;87145;17.33;False;Recursos Humanos
Johnny;Hombre;1/8/1995;1:35 PM;91124;12.986;True;Distribución
;Mujer;4/1/1980;8:04 PM;48141;12.605;;
Susan;Mujer;4/18/1986;9:31 AM;90829;19.142;False;Marketing
Ruby;Mujer;7/7/1980;3:42 AM;101262;6.773;False;Servicio al Cliente
Kelly;Mujer;8/16/1996;3:09 AM;41427;1.431;False;Producto
Jonathan;Hombre;4/6/1995;10:38 PM;56993;18.623;False;Marketing
Raymond;Hombre;1/13/1996;4:14 PM;114244;16.69;False;Recursos Humanos
Kimberly;Mujer;12/30/1981;4:51 AM;81800;5.435;True;
;Mujer;1/13/2009;1:01 PM;118736;7.421;;Servicio al Cliente
John;Hombre;1/22/1995;12:17 AM;66077;5.809;True;Producto
Michael;Hombre;7/30/1993;5:35 PM;35013;14.879;False;Producto
Jerry;Hombre;5/4/2003;4:29 AM;98393;11.393;False;Servicio al Cliente
Amanda;Mujer;3/17/1982;11:46 PM;107111;1.438;True;Producto
Harold;Hombre;10/18/2010;8:45 PM;65673;1.187;True;Legal
Harry;Hombre;1/27/1985;8:18 PM;65482;18.089;False;
Ernest;Hombre;1/28/1990;12:08 AM;81919;15.118;False;Marketing
Harry;Hombre;11/19/1982;11:25 AM;59277;10.2;False;Finanzas
Diane;Mujer;2/2/1988;6:14 PM;49501;13.506;False;Desarrollo de Negocio
Jack;Hombre;5/30/2012;3:17 AM;70367;18.266;True;Legal
Shirley;Mujer;4/16/1988;11:09 AM;132156;2.754;False;Marketing
Rose;Mujer;10/30/2004;4:34 PM;56961;7.585;False;Marketing
Cheryl;Mujer;7/23/1982;6:28 AM;98841;8.945;True;Servicio al Cliente
Cynthia;Mujer;5/23/1980;3:19 AM;78226;2.419;False;Recursos Humanos
Sandra;Mujer;4/24/1995;7:14 PM;116931;9.657;True;Recursos Humanos
Andrea;Mujer;10/30/1994;11:23 AM;87575;13.346;True;Desarrollo de Negocio
Rachel;Mujer;4/22/1988;12:01 PM;110924;7.808;False;Distribución
Justin;Hombre;5/24/1981;11:15 PM;78351;15.221;False;Ventas
Marie;Mujer;11/23/2000;5:06 AM;125574;4.644;False;Ventas
Louis;Hombre;4/15/2011;5:02 AM;95198;2.075;False;Desarrollo de Negocio
Nancy;Mujer;5/7/1985;10:20 PM;121006;3.512;True;Finanzas
Mark;Hombre;10/3/1984;5:31 AM;95728;6.752;True;Desarrollo de Negocio
Teresa;Mujer;6/24/1987;7:37 PM;69740;8.294;False;Distribución
Frances;Mujer;7/21/2001;2:34 AM;91996;11.506;False;Producto
;Mujer;10/11/1990;10:57 PM;98385;10.925;;Recursos Humanos
Barbara;;12/20/1994;10:09 AM;90556;15.749;True;Distribución
Christine;;6/15/1980;6:00 PM;50366;9.862;True;Marketing
Bobby;;7/21/2003;3:50 PM;84232;15.704;True;Ingeniería
Carl;;10/26/1991;8:11 AM;100888;12.49;True;Desarrollo de Negocio
Bruce;Hombre;3/15/2013;11:13 PM;141335;15.427;True;Ingeniería
Rose;Mujer;5/20/1982;9:14 AM;97691;2.142;False;Servicio al Cliente
Mildred;Mujer;2/21/1981;3:30 AM;47266;10.256;False;Servicio al Cliente
;Hombre;10/13/1983;11:59 PM;139754;12.74;;Ventas
;Mujer;10/24/1993;5:17 PM;116236;17.274;;Ingeniería
Todd;Hombre;2/16/2010;11:29 AM;103405;15.91;False;Ventas
Alan;Hombre;2/17/2012;12:26 AM;41453;10.084;False;Producto
Elizabeth;;2/16/1981;3:58 AM;52730;12.525;False;Marketing
Julie;;10/21/2000;1:15 AM;60361;7.099;True;Distribución
Teresa;;1/3/1992;3:47 PM;63103;11.378;False;Finanzas
Eric;Hombre;11/12/2004;9:16 PM;65168;11.513;False;Distribución
Edward;Hombre;8/30/2001;1:24 AM;73105;6.083;True;Ingeniería
Kimberly;Mujer;12/6/1986;2:23 PM;37916;12.929;True;Distribución
Kathy;Mujer;1/14/2001;5:11 AM;45682;1.451;True;Marketing
Peter;Hombre;11/24/1992;5:43 PM;69297;1.268;False;Finanzas
Beverly;Mujer;10/22/1990;2:45 PM;59070;19.064;True;Ingeniería
Ralph;Hombre;3/7/2012;2:25 AM;81215;8.4;False;Finanzas
Justin;Hombre;8/10/1997;11:00 PM;128036;18.824;False;Servicio al Cliente
Irene;Mujer;6/23/2005;11:03 AM;89780;8.999;True;Ventas
Irene;Mujer;11/29/2006;2:14 PM;125018;9.601;True;Legal
Jeremy;Hombre;11/26/1997;8:22 AM;133033;12.2;False;Ventas
Cynthia;Mujer;6/29/2015;6:38 AM;82408;8.701;True;Marketing
;Mujer;4/13/1997;8:03 AM;131755;2.93;;
Anne;Mujer;11/21/1984;12:30 PM;128305;16.636;False;Marketing
;;9/2/1988;12:49 PM;147309;1.702;;Distribución
Debra;Mujer;3/12/1983;12:19 PM;74911;19.513;False;Marketing
Michael;Hombre;7/13/1988;1:48 PM;47079;2.617;False;Legal
Jason;;3/6/2008;1:20 AM;82873;1.869;False;Servicio al Cliente
Rebecca;Mujer;2/23/1990;3:21 PM;134673;6.878;False;Ingeniería
Andrea;Mujer;11/17/2011;2:37 PM;123591;6.5;True;Ingeniería
Carl;Hombre;3/30/1987;5:59 PM;75598;19.289;False;
Randy;Hombre;9/27/2000;3:04 AM;89831;13.047;True;
Marilyn;Mujer;7/2/1984;4:06 PM;92430;2.924;False;Ingeniería
Wayne;Hombre;9/2/2009;1:37 AM;126956;18.396;False;Recursos Humanos
Frances;Mujer;11/12/1996;6:08 PM;112467;1.433;False;Desarrollo de Negocio
Amanda;;8/11/1991;2:15 PM;46665;19.391;True;Servicio al Cliente
Kathleen;Mujer;8/28/2004;10:49 AM;42553;3.756;True;Distribución
Amanda;Mujer;1/25/1995;5:06 AM;102081;5.203;False;Ventas
Amanda;;3/16/2010;9:17 AM;135118;15.108;False;Finanzas
Shawn;Hombre;9/29/1987;10:11 PM;71975;9.77;False;Recursos Humanos
Katherine;Mujer;8/13/1996;12:21 AM;149908;18.912;False;Finanzas
Anna;;3/13/1985;9:19 AM;45418;10.162;False;Marketing
Elizabeth;Mujer;2/21/2010;7:02 AM;79145;19.78;False;Finanzas
Donald;Hombre;4/6/1988;10:00 AM;122920;5.32;False;
Gregory;Hombre;11/15/1999;5:22 PM;128031;15.857;True;Desarrollo de Negocio
Ruth;Mujer;2/17/2004;5:38 AM;59969;14.064;True;Finanzas
Cynthia;Mujer;7/5/1986;1:24 AM;35381;11.749;False;Finanzas
Deborah;Mujer;11/21/1985;1:40 PM;113129;17.371;False;Servicio al Cliente
Willie;Hombre;12/5/2009;5:39 AM;141932;1.017;True;Ingeniería
Debra;Mujer;5/28/2006;6:51 AM;42296;16.922;False;Producto
Carl;Hombre;12/14/1984;8:49 PM;63395;11.411;False;Legal
Walter;Hombre;9/24/2007;11:16 PM;125382;13.613;True;Servicio al Cliente
Lisa;Mujer;2/9/1982;6:44 PM;113592;17.108;True;Marketing
Rebecca;Mujer;3/5/2000;10:33 AM;46750;11.367;True;Ventas
Jessica;Mujer;10/19/1986;9:58 PM;90285;13.591;True;Servicio al Cliente
Steve;;8/27/2009;3:41 PM;53692;4.785;True;Marketing
Mary;;12/24/1986;7:02 PM;100341;6.662;False;Distribución
Craig;Hombre;8/21/1995;2:38 AM;123876;4.225;False;Ingeniería
Katherine;Mujer;12/19/2000;1:40 AM;41643;4.659;True;Distribución
Andrea;Mujer;8/31/1989;11:10 PM;113760;12.866;True;Distribución
Timothy;Hombre;10/6/2010;10:49 PM;49473;12.463;False;Legal
Anthony;Hombre;2/13/2013;1:35 PM;146141;3.645;True;Distribución
Harold;;2/4/2004;11:02 AM;79459;7.776;True;Desarrollo de Negocio
Douglas;;2/4/2009;2:03 AM;104496;14.771;True;Marketing
James;Hombre;12/5/2001;7:06 AM;67789;17.105;True;Legal
Joseph;;3/28/1982;1:05 PM;86564;11.879;True;
Martha;Mujer;9/14/2001;3:22 AM;135758;14.782;True;Servicio al Cliente
Laura;Mujer;7/12/2000;6:07 PM;84672;3.96;False;Distribución
Robert;Hombre;11/5/1982;12:41 PM;111580;10.982;False;Recursos Humanos
Ralph;Hombre;3/24/1996;11:54 AM;50455;16.248;False;Desarrollo de Negocio
;Hombre;8/28/2012;7:56 PM;88733;1.932;;Recursos Humanos
Diane;Mujer;10/30/2009;6:56 PM;130577;12.791;False;Marketing
Annie;Mujer;6/6/1992;10:04 AM;138925;9.801;True;Marketing
Jacqueline;Mujer;9/20/1994;6:07 PM;62371;15.77;True;Servicio al Cliente
Brenda;Mujer;4/17/1984;7:12 AM;87715;2.675;False;Producto
Lori;Mujer;9/11/2002;7:36 AM;66029;3.345;True;Servicio al Cliente
Albert;Hombre;6/17/1992;3:25 AM;86818;14.301;True;Ingeniería
Frank;Hombre;11/23/2002;6:10 PM;75147;17.398;False;Producto
Deborah;Mujer;4/23/2000;6:55 PM;105573;5.268;True;Producto
Robin;;12/20/2005;2:42 PM;41230;6.611;True;Distribución
Alice;Mujer;1/21/2016;5:07 PM;117787;10.485;False;
;Hombre;10/20/1989;9:37 AM;88086;19.387;;Finanzas
Paul;;2/18/2011;12:23 PM;91462;18.704;False;Finanzas
;Hombre;12/27/1996;7:07 AM;139959;8.992;;Distribución
Brian;Hombre;4/7/2007;10:47 PM;93901;17.821;True;Legal
Julie;;5/8/1980;6:31 AM;50529;17.263;False;Finanzas
Bruce;Hombre;1/28/2007;11:10 PM;134988;13.926;True;Ventas
Joan;Mujer;10/2/2007;2:53 AM;120941;3.694;True;Finanzas
Harold;Hombre;5/15/2007;6:37 PM;118753;8.162;False;Ventas
Alice;Mujer;10/16/1995;9:19 PM;92799;2.782;False;Ventas
Barbara;Mujer;11/12/2011;12:35 AM;85718;13.326;False;Servicio al Cliente
Sarah;Mujer;4/6/1999;11:17 AM;109517;5.146;False;Recursos Humanos
Samuel;Hombre;5/25/2012;4:40 PM;85550;11.593;True;Marketing
;Hombre;5/23/1990;2:09 AM;136655;9.801;;Distribución
Barbara;;8/2/2002;5:13 AM;43312;8.218;True;Legal
Amy;;5/19/1984;11:47 AM;102839;10.385;True;Distribución
Frank;Hombre;3/2/2009;9:15 PM;78891;7.927;True;Distribución
Robin;;9/16/2005;1:26 AM;93201;11.712;True;Legal
Debra;Mujer;3/17/2011;1:12 PM;84693;6.976;True;Finanzas
Brandon;;5/31/2004;3:36 PM;73587;9.769;True;Recursos Humanos
Thomas;Hombre;9/7/1991;9:51 AM;65251;11.211;False;Distribución
Harry;Hombre;9/23/2015;1:36 AM;129148;15.193;True;Ingeniería
Todd;Hombre;7/4/1993;6:53 PM;128175;18.473;True;
Patricia;Mujer;3/7/1998;1:10 AM;75825;7.839;False;Ingeniería
Steve;Hombre;1/11/2002;9:17 PM;51821;1.197;True;Legal
;Hombre;4/7/1995;4:32 AM;60411;12.048;;Recursos Humanos
Edward;Hombre;11/27/1997;1:00 AM;58327;17.095;True;Finanzas
Karen;Mujer;1/9/2014;10:09 PM;46478;16.552;False;Ingeniería
Martin;;2/6/2001;4:17 AM;123963;15.745;True;Ingeniería
Ann;Mujer;9/28/1994;5:44 AM;79796;9.851;False;Distribución
Jonathan;Hombre;7/30/1984;6:02 PM;83809;12.922;False;Distribución
Peter;Hombre;3/22/1982;7:28 AM;77933;13.132;True;Ingeniería
Eric;Hombre;6/15/1993;3:56 AM;51070;13.806;True;Desarrollo de Negocio
Jason;;4/15/1988;8:16 PM;97480;11.518;False;Recursos Humanos
Terry;Hombre;10/21/2010;11:18 PM;58357;7.969;False;Ingeniería
John;Hombre;1/29/1999;3:07 AM;67165;13.001;False;Ingeniería
Marie;Mujer;4/8/1983;2:01 PM;145988;18.685;True;Recursos Humanos
Harold;Hombre;4/16/2010;5:13 AM;147417;11.626;True;Desarrollo de Negocio
Joshua;Hombre;6/27/1997;3:23 PM;95003;5.197;True;Marketing
Brandon;;9/5/1992;2:32 AM;144187;11.416;True;Legal
Andrea;Mujer;12/10/2001;6:40 AM;37888;13.47;False;Ingeniería
Jeremy;Hombre;5/19/1991;1:40 PM;131513;1.876;True;Finanzas
Daniel;Hombre;2/29/2016;4:04 AM;77287;13.0;True;
Roy;Hombre;5/10/2004;1:22 PM;46875;12.942;True;Ventas
Dorothy;Mujer;10/8/2008;12:22 AM;82744;19.111;True;Servicio al Cliente
Steven;Hombre;9/7/1986;12:32 AM;43252;18.892;False;Servicio al Cliente
Nicole;Mujer;4/26/2009;12:40 AM;66047;18.674;True;Marketing
Ann;Mujer;7/16/2001;9:27 AM;118431;12.772;True;Finanzas
Henry;Hombre;5/12/1986;2:04 AM;59943;1.432;False;Finanzas
;Hombre;6/17/2009;1:00 PM;136681;3.655;;Desarrollo de Negocio
;Mujer;12/18/1994;8:42 PM;138807;1.4;;Recursos Humanos
Barbara;Mujer;11/26/2002;5:32 AM;82884;6.837;True;Desarrollo de Negocio
Judy;Mujer;4/5/2011;1:44 AM;48668;11.716;True;Producto
Lawrence;Hombre;7/23/2011;3:41 AM;122971;14.618;False;Producto
Joseph;Hombre;10/10/2010;11:12 PM;107050;12.737;False;Desarrollo de Negocio
Carlos;Hombre;1/25/1981;10:00 AM;138598;14.737;False;Ventas
Russell;;5/9/2009;11:59 AM;149456;3.533;False;Marketing
Jane;Mujer;7/10/1999;7:02 PM;128540;15.941;False;Legal
Martin;Hombre;2/25/2016;6:29 PM;61117;2.844;False;Servicio al Cliente
Steven;Hombre;5/30/1980;8:25 PM;100949;13.813;True;Recursos Humanos
Judy;;7/15/2011;3:38 PM;46829;5.19;True;Finanzas
James;Hombre;2/16/2008;2:49 AM;69111;14.625;True;Desarrollo de Negocio
Gloria;Mujer;8/19/2004;10:31 AM;46602;1.027;True;Desarrollo de Negocio
Ernest;Hombre;6/30/2001;1:46 PM;61181;16.559;False;Desarrollo de Negocio
Martha;Mujer;7/17/1997;11:11 PM;94963;19.626;True;Desarrollo de Negocio
Janet;;1/25/1986;5:48 AM;85789;9.712;False;Legal
Louis;;2/5/1983;6:39 PM;145274;16.379;False;Producto
Tina;Mujer;8/6/1999;3:18 AM;102841;3.369;False;Servicio al Cliente
Henry;Hombre;2/23/2007;3:24 AM;49665;18.338;False;Desarrollo de Negocio
Antonio;Hombre;6/6/1999;10:54 PM;41928;5.478;True;
Lisa;Mujer;4/11/2007;1:04 AM;128042;2.03;True;Legal
Denise;Mujer;2/19/1984;6:22 AM;86150;3.997;False;Servicio al Cliente
Stephen;Hombre;10/21/1984;6:26 AM;121816;10.615;True;Distribución
Benjamin;Hombre;4/12/1988;11:32 PM;123409;7.783;False;Producto
Carl;;8/18/2007;8:01 AM;98295;7.617;True;Legal
Ruth;Mujer;9/2/1980;6:52 AM;59678;10.895;False;Distribución
Shawn;Hombre;12/29/2006;3:05 AM;57871;4.02;True;Recursos Humanos
Jennifer;Mujer;3/31/2015;7:43 PM;132084;10.006;True;Ingeniería
Terry;Hombre;11/10/2004;4:33 AM;35633;3.947;True;Distribución
Jacqueline;Mujer;7/27/2008;12:08 PM;125298;3.019;True;Legal
Roger;Hombre;5/2/1988;10:04 PM;115582;15.343;True;Ventas
Alice;;4/23/1995;6:35 AM;148339;11.479;True;Finanzas
Justin;Hombre;7/25/1991;12:45 AM;112975;9.699;False;Recursos Humanos
Janet;Mujer;7/12/2008;12:10 PM;36927;18.769;False;Servicio al Cliente
Robin;Mujer;3/26/2004;5:41 PM;70248;9.66;True;Ventas
Samuel;;10/7/2002;3:08 AM;141305;9.849;True;Marketing
Katherine;Mujer;9/22/2006;8:08 PM;72002;13.178;True;Producto
Peter;Hombre;5/22/1991;1:39 AM;102577;12.026;True;Producto
Lillian;Mujer;8/14/2009;5:41 AM;113554;18.018;True;Desarrollo de Negocio
;Hombre;10/24/1986;9:23 AM;47176;10.736;;Finanzas
;Mujer;6/18/2000;7:36 AM;106428;10.867;;
Rose;Mujer;11/3/1999;9:06 AM;75181;6.06;True;Finanzas
Bobby;Hombre;9/30/2004;10:52 PM;79047;18.784;False;Recursos Humanos
Kimberly;Mujer;4/20/1986;3:55 PM;52970;4.513;False;Ventas
Antonio;Hombre;12/28/2003;4:17 AM;137979;5.266;False;Distribución
Doris;Mujer;9/8/1984;7:03 PM;114360;17.799;True;Desarrollo de Negocio
Steven;Hombre;7/5/2009;4:55 AM;110306;16.843;True;Recursos Humanos
Lawrence;Hombre;7/3/1995;10:55 PM;46378;9.127;False;
;Hombre;5/6/1986;4:41 PM;74104;17.68;;Servicio al Cliente
;;4/15/1991;3:39 AM;132505;13.592;;Producto
Stephanie;Mujer;9/14/1982;8:14 AM;96649;3.453;False;Ventas
;Mujer;7/24/1982;12:00 AM;57811;8.941;;Marketing
Sandra;Mujer;9/7/1989;4:17 PM;111468;2.58;True;Producto
Kevin;Hombre;7/1/2005;3:22 PM;141498;4.135;True;Ventas
Michelle;;3/31/2012;6:28 AM;124441;16.353;False;Desarrollo de Negocio
Lisa;Mujer;7/8/2000;9:19 PM;40121;6.293;False;Producto
Fred;Hombre;3/3/1989;2:27 AM;129712;11.058;False;Finanzas
Joseph;Hombre;11/4/1982;9:46 PM;126010;19.601;False;Legal
Anne;;4/18/1996;11:57 PM;122762;9.564;False;Distribución
Andrea;Mujer;7/22/1999;9:25 AM;149105;13.707;True;Distribución
Nicole;Mujer;3/1/2004;5:17 PM;44021;10.286;False;
Theresa;;10/7/1995;10:16 AM;42025;3.319;True;Recursos Humanos
Catherine;Mujer;8/31/1986;6:20 PM;59970;12.801;False;Servicio al Cliente
Rose;Mujer;12/31/1982;6:50 PM;145001;19.85;False;Ingeniería
Lawrence;Hombre;10/1/1984;2:06 PM;102589;17.952;True;Marketing
Raymond;Hombre;12/12/1986;12:18 PM;47529;2.712;True;Producto
Clarence;Hombre;8/5/1989;6:11 PM;148941;11.517;False;Producto
Ryan;Hombre;4/15/1988;5:18 AM;91109;17.499;True;Recursos Humanos
Jane;Mujer;1/12/1992;1:23 PM;51923;13.623;False;Desarrollo de Negocio
Lois;Mujer;7/28/2012;11:39 AM;53954;19.075;False;Producto
Shawn;Hombre;3/17/2008;2:12 PM;39335;10.664;False;Distribución
Thomas;Hombre;5/3/1990;9:29 AM;111371;15.081;True;Ingeniería
Kathryn;Mujer;1/29/2008;12:29 AM;86676;6.081;False;Ventas
Mary;Mujer;11/6/2011;8:32 AM;115057;2.089;False;Finanzas
Julie;Mujer;3/8/1980;5:13 AM;145357;3.459;False;Ingeniería
George;Hombre;9/27/1995;5:04 PM;36749;19.754;False;Finanzas
Ralph;Hombre;2/10/2000;4:48 PM;89854;7.227;False;Desarrollo de Negocio
Judith;Mujer;9/3/1989;11:16 AM;134048;6.818;True;Marketing
;Hombre;12/13/1994;10:34 AM;141311;5.478;;Producto
Evelyn;Mujer;2/10/2002;4:44 AM;123621;19.767;True;Marketing
Rachel;Mujer;6/23/2011;12:52 AM;54941;3.221;True;Distribución
Maria;;1/18/1986;8:36 PM;106562;4.0;False;Recursos Humanos
Kelly;Mujer;3/17/2007;6:20 PM;39371;4.068;False;Ingeniería
Ruby;Mujer;5/31/2008;8:41 PM;83112;4.083;False;Marketing
Ann;Mujer;10/3/1980;1:08 AM;96941;10.048;True;Distribución
Kenneth;Hombre;12/14/1985;6:55 AM;47232;17.862;True;Legal
William;Hombre;11/18/1993;12:27 PM;54058;5.182;True;Recursos Humanos
;Mujer;12/27/1980;2:27 AM;80399;12.254;;Distribución
Deborah;Mujer;2/26/2009;10:17 AM;118043;7.266;True;Desarrollo de Negocio
;Hombre;11/12/2009;2:30 PM;109411;9.494;;Ingeniería
Julia;Mujer;8/18/2014;3:12 AM;97566;2.147;False;Marketing
Robert;;12/4/2000;1:20 AM;69267;5.89;True;Ventas
;;8/1/1988;1:35 AM;87103;5.665;;
Jesse;;7/16/2014;2:24 AM;98811;7.487;False;Legal
Cynthia;Mujer;7/12/2006;8:55 AM;149684;7.864;False;Producto
Johnny;Hombre;1/14/2007;2:54 PM;71383;2.097;True;Recursos Humanos
Michael;Hombre;8/31/2002;1:20 AM;81206;19.908;True;Distribución
Kenneth;Hombre;1/15/2015;2:41 PM;69112;7.588;True;Finanzas
Keith;Hombre;2/12/2003;3:02 PM;120672;19.467;False;Legal
Gerald;Hombre;5/28/2010;12:26 PM;96511;9.331;False;Recursos Humanos
Carl;;2/11/1982;7:54 AM;49325;2.071;True;Desarrollo de Negocio
Douglas;Hombre;8/4/2007;5:23 AM;132175;2.28;False;Ingeniería
Carolyn;Mujer;3/17/2004;6:38 AM;118037;13.492;False;Finanzas
Joseph;Hombre;5/23/1985;10:16 PM;139570;15.804;True;Finanzas
Billy;Hombre;4/6/2000;3:14 PM;115280;9.153;False;Distribución
Joyce;Mujer;7/25/2001;6:04 AM;51065;16.807;False;Recursos Humanos
Lillian;Mujer;8/26/2002;8:53 AM;103854;4.924;True;Distribución
Ruby;Mujer;8/13/2006;6:27 PM;48354;19.501;False;Desarrollo de Negocio
Sandra;Mujer;2/7/1998;12:39 PM;132327;19.264;False;Producto
Louise;Mujer;2/26/1982;1:03 AM;106362;8.965;False;Ventas
Maria;;6/19/1985;1:48 AM;148857;8.738;False;Legal
Brenda;Mujer;1/3/1981;6:01 PM;131131;11.682;False;Servicio al Cliente
Stephen;Hombre;9/10/1990;10:42 PM;129663;15.574;False;Recursos Humanos
Nicole;;5/2/1981;12:03 PM;41449;4.707;False;Finanzas
Bobby;Hombre;6/5/1984;7:40 AM;93368;2.88;True;Producto
Ernest;Hombre;9/6/1997;2:02 PM;53335;9.192;False;Producto
Charles;Hombre;9/3/1997;10:04 AM;148291;6.002;False;
Bobby;Hombre;8/19/1996;1:16 AM;147842;16.158;True;
Diana;Mujer;11/19/2004;8:47 AM;105066;17.343;True;Desarrollo de Negocio
Mildred;Mujer;4/6/2007;10:06 PM;139284;11.39;True;
Harry;Hombre;2/10/1985;7:46 PM;63046;10.411;False;Finanzas
Phillip;;10/20/2003;11:09 AM;89700;2.277;True;
Bonnie;;1/18/2006;6:52 PM;108946;12.211;False;Finanzas
Marie;Mujer;12/8/1993;6:28 PM;98406;7.943;True;Producto
Sean;Hombre;4/25/2006;4:51 PM;108581;9.634;False;Recursos Humanos
Robin;Mujer;10/1/2012;2:44 AM;41808;19.239;False;Desarrollo de Negocio
Phillip;Hombre;10/7/1984;11:05 AM;36837;14.66;False;Marketing
Jerry;Hombre;3/26/1989;4:15 AM;140850;18.855;False;Finanzas
Ronald;Hombre;5/25/1983;10:05 AM;50426;18.536;True;Ventas
Phillip;Hombre;5/15/1984;6:15 AM;134120;6.842;False;Recursos Humanos
Ryan;Hombre;11/16/2012;1:47 PM;57292;6.01;False;
Karen;Mujer;8/29/1997;4:56 PM;80633;16.306;False;Legal
Bonnie;Mujer;8/25/2004;2:17 AM;131943;14.249;False;Servicio al Cliente
Earl;Hombre;6/15/2013;3:00 AM;48046;7.737;False;Marketing
Katherine;Mujer;8/18/2013;3:58 PM;97443;13.657;False;Producto
Matthew;Hombre;8/3/1995;5:39 AM;135352;7.986;True;Desarrollo de Negocio
Cynthia;;11/19/1996;10:40 PM;107816;18.751;False;Marketing
Gerald;Hombre;3/29/2003;10:37 AM;96329;2.469;True;Ingeniería
Brenda;Mujer;1/18/2015;4:39 PM;73749;19.332;False;Desarrollo de Negocio
Jason;Hombre;5/1/1998;6:05 PM;75607;4.299;True;Ventas
Melissa;Mujer;9/8/1994;4:11 AM;98858;3.525;True;Recursos Humanos
Beverly;Mujer;4/11/1998;2:27 PM;76485;9.212;True;Ingeniería
Terry;;9/11/1992;4:41 PM;41238;8.219;False;Marketing
;Hombre;9/5/1980;7:36 AM;114896;13.823;;Servicio al Cliente
Jacqueline;Mujer;5/25/2003;7:13 PM;125418;8.064;False;Distribución
Amy;Mujer;5/20/2009;6:26 AM;75415;19.132;False;Servicio al Cliente
Robert;;5/25/2007;3:17 AM;90998;8.382;False;Finanzas
Ruby;Mujer;1/28/1980;11:08 PM;142868;6.318;False;Marketing
Sara;;11/18/2014;2:47 PM;135990;14.344;True;Distribución
Kathryn;Mujer;10/27/1995;3:39 PM;57300;18.015;False;Marketing
Lisa;Mujer;10/17/2003;1:42 PM;73706;18.53;False;Finanzas
Juan;Hombre;10/6/1993;8:52 AM;85871;9.16;False;Producto
Anthony;Hombre;1/30/2014;9:04 PM;96795;14.837;False;Ventas
David;Hombre;12/5/2009;8:48 AM;92242;15.407;False;Legal
Marilyn;Mujer;10/8/2007;12:32 AM;115149;11.934;True;Legal
Margaret;Mujer;1/4/2001;3:07 AM;126924;1.552;True;Finanzas
;Hombre;11/24/2015;3:11 AM;145329;7.1;;Finanzas
Timothy;Hombre;8/25/1991;10:37 AM;92587;8.475;False;Finanzas
Brandon;Hombre;10/23/1995;12:04 PM;60263;2.709;False;Ventas
Frank;Hombre;7/27/2013;4:32 PM;91406;5.681;True;Desarrollo de Negocio
Betty;Mujer;11/19/2002;10:40 AM;37005;7.645;True;Marketing
Janice;;11/19/1991;6:02 PM;139791;16.968;False;Desarrollo de Negocio
Victor;Hombre;3/10/2010;5:01 PM;45267;3.942;True;Ventas
Kenneth;;2/28/1994;10:10 AM;95296;10.146;False;Finanzas
Jane;Mujer;4/27/2012;2:12 PM;59680;15.211;True;Desarrollo de Negocio
Walter;Hombre;5/21/1992;12:39 AM;144701;16.323;True;Marketing
Christina;Mujer;6/23/2002;3:18 PM;35477;18.178;False;Recursos Humanos
Patricia;Mujer;10/10/1995;4:52 PM;119266;6.911;False;Distribución
;Hombre;5/23/2001;7:52 PM;103877;6.322;;Distribución
Heather;Mujer;7/29/1983;10:48 AM;47605;14.955;True;Recursos Humanos
Stephanie;Mujer;6/26/1988;5:48 AM;136604;6.16;True;Recursos Humanos
Alice;Mujer;2/9/2013;12:49 AM;121250;4.363;True;Finanzas
Frances;Mujer;5/16/2014;8:31 AM;35884;17.667;False;Ventas
Elizabeth;Mujer;7/27/1998;11:12 AM;137144;10.081;False;Finanzas
Janice;Mujer;12/17/2009;6:42 AM;102697;3.283;False;Ingeniería
Donald;Hombre;8/1/1991;2:25 AM;61999;6.466;False;Producto
Melissa;Mujer;10/22/2002;1:20 AM;45223;8.879;True;Legal
Carl;Hombre;7/7/2010;1:33 PM;54033;15.528;True;Desarrollo de Negocio
Joe;Hombre;12/8/1998;10:28 AM;126120;1.02;False;
Lois;Mujer;12/11/2015;4:10 PM;99747;6.168;False;Marketing
Ann;Mujer;9/28/2001;6:37 AM;71958;5.272;True;Distribución
Todd;Hombre;1/4/1983;12:34 PM;115566;6.716;True;Servicio al Cliente
Marilyn;Mujer;1/16/1996;7:18 AM;118369;7.696;True;Desarrollo de Negocio
Shawn;Hombre;3/13/2008;5:36 PM;51667;6.339;False;Producto
Ryan;Hombre;4/27/1999;3:41 AM;85858;19.475;False;Servicio al Cliente
Sean;Hombre;3/21/2009;11:38 AM;131423;8.957;False;Distribución
Rose;Mujer;1/2/2002;9:14 PM;49538;9.828;False;Servicio al Cliente
George;Hombre;6/5/2015;5:40 AM;50369;18.9;True;Ventas
Arthur;Hombre;12/5/2013;8:44 AM;86615;3.412;True;Desarrollo de Negocio
Irene;;2/28/1991;10:23 PM;135369;4.38;False;Desarrollo de Negocio
Deborah;Mujer;11/11/2003;4:53 PM;60003;9.624;False;Servicio al Cliente
;Mujer;8/23/2000;4:19 PM;95866;19.388;;Ventas
Judith;Mujer;3/1/2004;7:32 AM;109324;19.488;False;Distribución
Philip;Hombre;3/11/2005;10:56 AM;103557;16.014;True;Desarrollo de Negocio
Jeffrey;Hombre;9/20/1986;6:06 AM;111376;2.673;True;Desarrollo de Negocio
Theresa;Mujer;4/27/2001;9:17 PM;75661;1.079;True;Legal
Nancy;Mujer;9/10/2001;11:57 PM;85213;2.386;True;Marketing
Harold;Hombre;6/23/2012;12:40 PM;140444;3.771;False;Distribución
Bonnie;Mujer;12/23/2008;9:26 AM;90427;2.01;True;Servicio al Cliente
Doris;Mujer;7/5/1993;5:54 PM;141439;3.799;False;Desarrollo de Negocio
Samuel;Hombre;8/7/1997;12:40 PM;43694;3.787;True;Ingeniería
Alice;Mujer;3/23/1996;3:09 AM;131952;12.09;False;Ingeniería
Maria;Mujer;3/14/2003;5:23 PM;96250;10.056;False;Desarrollo de Negocio
Aaron;;1/22/1986;7:39 PM;63126;18.424;False;Servicio al Cliente
Mark;;9/9/2006;12:27 PM;44836;2.657;False;Servicio al Cliente
Ralph;;7/28/1995;6:53 PM;70635;2.147;False;Servicio al Cliente
Andrew;Hombre;9/28/1990;9:38 AM;137386;8.611;True;Distribución
William;Hombre;6/26/1997;8:33 AM;104840;15.653;True;Ingeniería
Lori;Mujer;11/20/2015;1:15 PM;75498;6.537;True;Marketing
Wayne;Hombre;9/8/2006;11:09 AM;67471;2.728;False;Ingeniería
Kenneth;Hombre;5/10/2006;8:24 AM;101914;1.905;True;Distribución
Gerald;;4/15/1989;12:44 PM;93712;17.426;True;Distribución
;Mujer;9/15/1985;1:50 AM;133472;16.941;;Distribución
;Hombre;7/30/2012;3:07 PM;107351;5.329;;Marketing
Ashley;Mujer;3/31/2006;1:24 PM;142410;11.048;True;Ingeniería
Scott;Hombre;8/20/2011;8:08 AM;37385;8.226;True;Desarrollo de Negocio
Paula;Mujer;5/21/1983;11:42 AM;58423;10.833;False;Desarrollo de Negocio
;Mujer;9/14/2010;5:19 AM;143638;9.662;;
Teresa;Mujer;1/22/2013;3:17 PM;113425;11.907;True;Recursos Humanos
Randy;Hombre;2/25/2012;5:33 AM;57266;14.077;False;Producto
Joe;Hombre;1/19/1980;4:06 PM;119667;1.148;True;Finanzas
Sarah;Mujer;8/17/2014;11:08 PM;127118;11.176;False;Legal
Beverly;Mujer;10/17/1986;12:51 AM;80838;8.115;False;Ingeniería
Jeffrey;Hombre;2/3/1984;1:26 PM;70990;15.901;True;Ventas
Gloria;Mujer;10/24/1987;4:43 AM;39833;9.631;False;Ingeniería
Albert;Hombre;9/19/1992;2:35 AM;45094;5.85;True;Desarrollo de Negocio
Stephen;Hombre;10/29/1989;11:34 PM;93997;18.093;True;Desarrollo de Negocio
Antonio;;6/18/1989;9:37 PM;103050;3.05;False;Legal
Jonathan;Hombre;8/21/2013;12:45 AM;121797;16.923;False;Producto
Ann;Mujer;9/23/1994;11:15 AM;89443;17.94;True;Ventas
Bruce;Hombre;5/7/1980;8:00 PM;35802;12.391;True;Ventas
Catherine;Mujer;9/25/1989;1:31 AM;68164;18.393;False;Servicio al Cliente
Louis;Hombre;8/16/2011;5:19 PM;93022;9.146;True;Recursos Humanos
Thomas;Hombre;3/12/2016;3:10 PM;105681;19.572;False;Ingeniería
Louise;Mujer;3/27/1995;10:27 PM;43050;11.671;False;Distribución
Linda;Mujer;2/4/2010;8:49 PM;44486;17.308;True;Ingeniería
Alice;Mujer;9/3/1988;8:54 PM;63571;15.397;True;Producto
Patrick;Hombre;12/30/2002;2:01 AM;75423;5.368;True;Desarrollo de Negocio
Victor;;7/28/2006;2:49 PM;76381;11.159;True;Ventas
Russell;Hombre;5/10/2013;11:08 PM;137359;11.105;False;Desarrollo de Negocio
Harry;Hombre;8/30/2011;6:31 PM;67656;16.455;True;Servicio al Cliente
Susan;Mujer;4/7/1995;10:05 PM;92436;12.467;False;Ventas
Denise;Mujer;10/19/1992;5:42 AM;137954;4.195;True;Legal
Sarah;Mujer;12/4/1995;9:16 AM;124566;5.949;False;Producto
Sean;Hombre;1/17/1983;2:23 PM;66146;11.178;False;Recursos Humanos
Ernest;Hombre;7/20/2013;6:41 AM;142935;13.198;True;Producto
Kimberly;Mujer;1/26/2013;12:57 AM;46233;8.862;True;Ingeniería
James;Hombre;1/15/1993;5:19 PM;148985;19.28;False;Legal
Rose;Mujer;4/6/1982;10:43 AM;91411;8.639;True;Recursos Humanos
John;Hombre;12/23/1982;10:35 PM;146907;11.738;False;Ingeniería
Maria;Mujer;10/15/2011;4:53 PM;43455;13.04;False;Ingeniería
Stephen;;7/10/1983;8:10 PM;85668;1.909;False;Legal
Donna;Mujer;11/26/1982;7:04 AM;82871;17.999;False;Marketing
Gloria;Mujer;12/8/2014;5:08 AM;136709;10.331;True;Finanzas
Alice;Mujer;10/5/2004;9:34 AM;47638;11.209;False;Recursos Humanos
Justin;;2/10/1991;4:58 PM;38344;3.794;False;Legal
Robin;Mujer;7/24/1987;1:35 PM;100765;10.982;True;Servicio al Cliente
Rose;Mujer;8/25/2002;5:12 AM;134505;11.051;True;Marketing
Anthony;Hombre;10/16/2011;8:35 AM;112769;11.625;True;Finanzas
Tina;Mujer;5/15/1997;3:53 PM;56450;19.04;True;Ingeniería
George;Hombre;6/21/2013;5:47 PM;98874;4.479;True;Marketing
Henry;;11/23/2014;6:09 AM;132483;16.655;False;Distribución
Phillip;Hombre;1/31/1984;6:30 AM;42392;19.675;False;Finanzas
Russell;Hombre;5/20/2013;12:39 PM;96914;1.421;False;Producto
Larry;Hombre;4/20/2013;4:45 PM;60500;11.985;False;Desarrollo de Negocio
Albert;Hombre;5/15/2012;6:24 PM;129949;10.169;True;Ventas
